neighborhood,area,population_density,population,x values,y values,res_reviews,res_ratings,hotel_reviews,hotel_ratings,landmarks_reviews,landmarks_ratings,shopping_reviews,shopping_ratings,k-means results,SOM k=3,DEC
abdin,1.72,24147.0,41605,"30.052828,30.052774,30.052705,30.052621,30.052621,30.051931,30.051709,30.051603,30.050538,30.050223,30.048877,30.048058,30.048081,30.048257,30.048269,30.048444,30.048327,30.048058,30.047859,30.047871,30.047801,30.047543,30.047192,30.046525,30.044957,30.043775,30.043775,30.041388,30.040382,30.039188,30.039680,30.039048,30.038801,30.038803,30.038903,30.038759,30.039356,30.039585,30.039427,30.039650,30.040114,30.040523,30.042130,30.043625,30.044730,30.047600,30.047749,30.048074,30.049114,30.050340,30.052466","31.241129,31.243343,31.245100,31.245929,31.246200,31.246186,31.246403,31.246727,31.246727,31.246173,31.245970,31.245943,31.246538,31.246551,31.246267,31.246254,31.247051,31.247606,31.247835,31.248025,31.248079,31.247971,31.248714,31.250404,31.250971,31.251364,31.251364,31.250329,31.249221,31.248815,31.246058,31.245544,31.244903,31.243785,31.243022,31.242511,31.239816,31.239519,31.239186,31.238178,31.236086,31.234616,31.235034,31.235378,31.235700,31.237620,31.237931,31.237910,31.238650,31.239487,31.240882",2936,2.9347826089999995,5165,3.172566372,6,2.25,78,1.8125,3,2,0
darb el ahmar,1.87,32300.0,60336,"30.048156,30.047970,30.047227,30.046484,30.046614,30.046373,30.046299,30.046317,30.046559,30.045630,30.044924,30.044292,30.044107,30.038553,30.037865,30.036417,30.035506,30.034763,30.034299,30.034447,30.034615,30.035172,30.035785,30.035042,30.034689,30.035636,30.036045,30.037178,30.037977,30.039946,30.040410,30.041320,30.043698,30.044227,30.044543,30.046364,30.047617","31.253413,31.255816,31.257833,31.259346,31.261299,31.262393,31.262522,31.262801,31.262929,31.265869,31.267650,31.268358,31.269109,31.264131,31.264431,31.265547,31.265783,31.262801,31.262393,31.261749,31.258745,31.258316,31.257737,31.257436,31.257071,31.256213,31.255591,31.251986,31.251085,31.249540,31.249347,31.250355,31.251407,31.251283,31.251852,31.252742,31.253214",469,2.976190476,0,0.0,429,4.333333333,11,2.25,3,2,0
ain shams,8.32,76187.0,633798,"30.107164,30.117633,30.123201,30.126839,30.128992,30.132481,30.136192,30.138271,30.136638,30.133223,30.131961,30.128843,30.123498,30.117559,30.113308,30.110412","31.323513,31.336817,31.343683,31.349949,31.360678,31.359390,31.351666,31.345915,31.335100,31.323341,31.319651,31.317162,31.314243,31.312870,31.313183,31.320221",84,0.914383562,40,4.0,0,0.0,3888,1.333333333,1,0,5
al amirya,3.8,41372.0,157378,"30.113805,30.114028,30.114251,30.114325,30.115597,30.115304,30.115147,30.114172,30.113680,30.112836,30.100060,30.097349,30.092411,30.095976,30.097349,30.099257,30.100686,30.101466,30.108158,30.109754,30.112474","31.284517,31.292671,31.300053,31.301726,31.04441,31.305133,31.305433,31.305058,31.304865,31.304232,31.298894,31.297521,31.292457,31.285891,31.287693,31.2884455,31.282544,31.278596,31.281911,31.282619,31.282995",10,0.625,99,2.125,0,0.0,13,2.0,4,2,4
al azbakya,1.33,15322.0,20393,"30.067012,30.065062,30.064077,30.062703,30.062123,30.060006,30.060034,30.059402,30.058928,30.058334,30.056621,30.056222,30.056231,30.056157,30.055785,30.054248,30.053450,30.053431,30.053840,30.053951,30.053282,30.052670,30.052804,30.052855,30.053394,30.054044,30.055270,30.055418,30.056226,30.058390,30.060164,30.061761,30.062615,30.063339,30.063650,30.063409,30.064440,30.065851","31.251223,31.252167,31.251824,31.252532,31.252827,31.250682,31.250445,31.250274,31.248455,31.248133,31.249308,31.249416,31.249609,31.249845,31.249759,31.249796,31.250333,31.249603,31.249539,31.246900,31.246127,31.245982,31.243198,31.2411111,31.238966,31.237099,31.238258,31.238118,31.238869,31.239888,31.237646,31.237560,31.238054,31.239051,31.240527,31.242436,31.246395,31.249657",66,2.590909091,1564,2.7285714289999996,0,0.0,0,0.0,3,2,0
al jamalya,2.08,18063.0,37517,"30.06252,30.059920,30.056614,30.053345,30.052927,30.052648,30.045275,30.044244,30.044866,30.046575,30.046338,30.046463,30.047578,30.048117,30.048999,30.052667,30.055373,30.055766,30.054517,30.056414,30.062173,30.061965","31.267935,31.269265,31.270595,31.269351,31.274361,31.276271,31.269919,31.269136,31.267688,31.262924,31.262409,31.259920,31.257152,31.254405,31.254373,31.256318,31.257494,31.258055,31.261716,31.263053,31.266848,31.267222",803,2.4565217390000003,223,2.7,505,3.8181818180000002,41,3.166666667,3,2,0
al khalifah,9.89,10980.0,108560,"30.03759,30.035956,30.034767,30.035881,30.034692,30.034321,30.035287,30.030383,30.029639,30.016560,30.013810,30.012027,30.009574,30.008533,30.007195,30.005114,30.002141,30.000506,29.999094,29.998722,29.997012,29.995451,29.994485,29.998573,29.993444,29.994113,29.992998,29.992942,29.998889,30.001454,30.002569,30.002420,30.007809,30.006619,30.0099035,30.011451,30.012974,30.014869,30.015167,30.017582,30.018734,30.018539,30.019524,30.020025,30.020211,30.022719,30.023314,30.025004,30.025376,30.025766,30.025859,30.026082,30.026439,30.028348,30.028488,30.030345,30.030866,30.033615,30.034544,30.035668,30.036778,30.037070,30.037353","31.251638,31.255501,31.257131,31.257732,31.258676,31.262195,31.265629,31.266058,31.268289,31.274555,31.272409,31.272954,31.275413,31.275242,31.276872,31.276529,31.276529,31.278160,31.280735,31.282366,31.281593,31.280649,31.279705,31.270349,31.270349,31.265886,31.265543,31.258827,31.256423,31.256209,31.256080,31.255608,31.253634,31.248055,31.248226,31.247368,31.247754,31.247411,31.248784,31.250201,31.251231,31.250512,31.248087,31.248430,31.248194,31.250168,31.250683,31.251027,31.250104,31.250083,31.250812,31.250276,31.250217,31.249911,31.250544,31.249471,31.250587,31.251831,31.251102,31.251070,31.249948,31.249503,31.250732",194,1.404761905,45,3.0,4134,3.6363636360000005,1,5.0,1,2,4
maadi,7.66,11928.0,91384,"29.967505,29.972189,29.974048,29.974494,29.970256,29.970405,29.965051,29.970256,29.969587,29.968694,29.967356,29.961779,29.962523,29.967133,29.969958,29.969735,29.968992,29.968025,29.968769,29.971148,29.968471,29.961556,29.960366,29.959994,29.959474,29.957838,29.955905,29.957169,29.958656,29.959846,29.959102,29.949732,29.948468,29.946460,29.959474,29.963564,29.966166","31.238546,31.246099,31.245842,31.246786,31.249704,31.258287,31.260176,31.266784,31.268673,31.277513,31.277170,31.288757,31.298713,31.310816,31.320600,31.329527,31.340599,31.348667,31.355533,31.366691,31.372700,31.372871,31.349096,31.326265,31.319742,31.317253,31.315107,31.310043,31.298113,31.288328,31.281290,31.267471,31.265755,31.264639,31.243353,31.243095,31.239919",2274,3.608527132,775,2.078947368,24,3.5,20,1.0,1,2,0
al sharbya,3.62,53304.0,193121,"30.097522,30.097522,30.098524,30.098784,30.092695,30.086717,30.083560,30.082038,30.081852,30.069439,30.069198,30.064908,30.066579,30.067173,30.071528,30.076505,30.079327,30.088611,30.092769,30.096037","31.255642,31.257787,31.257916,31.258302,31.262766,31.266757,31.268945,31.269289,31.270190,31.264429,31.263313,31.252348,31.251554,31.251060,31.252895,31.254054,31.255041,31.255341,31.255470,31.255513",35,1.357142857,11,1.6,28,2.25,0,0.0,4,1,4
salam 1 ,21.6,22926.0,495886,"30.141943,30.141498,30.141646,30.142834,30.144467,30.142537,30.146248,30.150256,30.154709,30.156490,30.157826,30.159013,30.163652,30.175710,30.180496,30.184205,30.189028,30.189324,30.196150,30.196224,30.193182,30.190511,30.184279,30.179531,30.177157,30.168846,30.165581,30.162464,30.158754,30.155043,30.150367,30.145098,30.141683,30.139828,30.136487,30.132479,30.131143,30.129213,30.128916,30.132776,30.134261,30.138343,30.138937,30.137230,30.135597,30.133667,30.132108,30.130178,30.13552,30.138195,30.140941","31.326602,31.338446,31.347716,31.354239,31.359046,31.361792,31.367114,31.375868,31.379988,31.379817,31.384280,31.389086,31.392133,31.399987,31.403034,31.405180,31.407755,31.416166,31.414192,31.420114,31.421573,31.423719,31.426551,31.428354,31.428096,31.422947,31.421573,31.423204,31.426036,31.428011,31.427496,31.407926,31.395824,31.390159,31.385868,31.374967,31.370590,31.365869,31.361406,31.359689,31.356514,31.346901,31.343553,31.335828,31.329563,31.323297,31.319692,31.317804,31.320551,31.322353,31.325271",130,1.262195122,50,1.8333333330000001,1,1.0,11,5.0,1,0,1
salam 2,11.1,14342.0,158618,"30.190666,30.190815,30.182849,30.178694,30.172006,30.167072,30.167341,30.167675,30.160514,30.150300,30.154196,30.156385,30.163918,30.166330,30.168482,30.174269,30.178443,30.180613,30.186809","31.423656,31.431123,31.431370,31.439610,31.446165,31.451057,31.455832,31.461625,31.461690,31.427561,31.428462,31.427904,31.422325,31.421768,31.422797,31.426445,31.428698,31.428376,31.425587",17,3.583333333,0,0.0,0,0.0,0,0.0,1,2,4
al tibbin,26.6,2790.0,74320,"29.803521,29.802850,29.800243,29.803595,29.803669,29.798307,29.794434,29.791827,29.788624,29.787655,29.790784,29.792050,29.791454,29.790337,29.789443,29.788549,29.775513,29.774768,29.767019,29.767467,29.765008,29.762027,29.760761,29.759643,29.754800,29.754353,29.75614,29.757836,29.758134,29.766442,29.770931,29.770856,29.784638,29.791343,29.798940","31.295186,31.300421,31.310292,31.310463,31.313983,31.314326,31.313468,31.323939,31.326170,31.333209,31.337586,31.342478,31.347371,31.353207,31.364537,31.375266,31.375781,31.339818,31.339646,31.333037,31.330891,31.320935,31.317244,31.311579,31.311064,31.306515,31.305743,31.302803,31.300142,31.298340,31.296902,31.289435,31.288662,31.293040,31.295271",4,0.833333333,6,3.5,0,0.0,0,0.0,1,2,0
al zahar,2.02,36669.0,74145,"30.060037,30.061671,30.062247,30.063231,30.064104,30.065032,30.064847,30.066369,30.068329,30.069243,30.068955,30.069336,30.069977,30.071453,30.072321,30.072210,30.072451,30.072367,30.071671,30.071541,30.069517,30.067809,30.066267,30.064930,30.063704,30.062293,30.060399,30.058430,30.057334,30.056164,30.055681,30.052821,30.053416,30.056564,30.062516,30.061977,30.062497,30.062590,30.061587,30.062548,30.062883,30.062938,30.062855,30.062938,30.062920,30.58986,30.059478","31.250727,31.252336,31.252766,31.252315,31.251864,31.252208,31.252379,31.256134,31.261402,31.263457,31.264144,31.264422,31.265635,31.267813,31.268859,31.269181,31.269417,31.269964,31.270060,31.270275,31.269696,31.269696,31.270533,31.271498,31.272120,31.272829,31.274438,31.276326,31.277335,31.278472,31.278472,31.276047,31.269524,31.270629,31.267958,31.267164,31.266434,31.263838,31.262829,31.260839,31.258414,31.256934,31.256633,31.256440,31.255614,31.254591,31.252703",77,0.8636363640000001,0,0.0,0,0.0,8,3.333333333,3,2,0
Zamalek,2.76,5589.0,15420,"30.066251,30.68740,30.070522,30.073308,30.066883,30.059194,30.050251,30.046462,30.041447,30.038661,30.038614,30.0393348,30.041076,30.042617,30.052759,30.058047,30.062059,30.065494","31.215055,31.216943,31.218703,31.222522,31.223123,31.225183,31.227769,31.228412,31.227039,31.224786,31.222758,31.221760,31.221353,31.220645,31.217984,31.216981,31.215844,31.215157",5470,3.755555556,6634,2.409090909,1597,4.5,45,2.0625,5,2,0
Madinat Nasr 1 ,77.2,8487.0,654828,"30.07851,30.083857,30.085305,30.084860,30.086605,30.081926,30.080589,30.078807,30.080218,30.081555,30.079921,30.078621,30.072196,30.064100,30.055891,30.045787,30.006105,30.998523,29.992093,29.987781,29.979380,29.978786,29.980496,29.984436,29.987633,29.993431,29.999118,30.002054,30.004878,30.007257,30.009747,30.012831,30.016175,30.032673,30.034233,30.039286,30.040772,30.052957,30.052882,30.060906,30.067331,30.070265,30.073830","31.312266,31.320334,31.322952,31.328445,31.333466,31.343508,31.357413,31.374922,31.384192,31.407366,31.422472,31.434102,31.429682,31.419554,31.411529,31.403976,31.397968,31.392646,31.379729,31.369343,31.361533,31.354666,31.348057,31.344281,31.343251,31.341706,31.336770,31.336213,31.339817,31.341019,31.341062,31.340504,31.338358,31.333809,31.331149,31.327286,31.329174,31.326428,31.324282,31.322909,31.319347,31.318188,31.315785",7870,2.186153846,5571,2.195652174,8,3.5,639,1.6,1,0,5
Madinat Nasr 2,17.2,4324.0,74453,"30.05641,30.061239,30.067367,30.069299,30.071230,30.075241,30.078249,30.070153,30.067479,30.060199,30.052621,30.052696,30.040808,30.039248,30.036424,30.033601,30.032115,30.017475,30.021265,30.022231,30.023197,30.024684,30.026021,30.026987,30.027285,30.026690,30.027210,30.027730,30.030034,30.032040,30.039991,30.041626,30.045861,30.048090,30.049650,30.051507,30.057005,30.056187","31.279497,31.283101,31.288766,31.290826,31.292886,31.303615,31.311855,31.318206,31.318635,31.322669,31.324128,31.326017,31.328849,31.326703,31.329707,31.331338,31.333742,31.337604,31.330051,31.326360,31.323957,31.324601,31.321296,31.321725,31.319494,31.318979,31.317005,31.313657,31.309537,31.306705,31.303272,31.300611,31.290483,31.286878,31.286191,31.287650,31.286878,31.279754",16,2.777777778,443,2.666666667,0,0.0,0,0.0,1,2,0
Madinat Badr,104.0,311.9,32278,"30.15953,30.158194,30.156561,30.155671,30.156413,30.170513,30.167767,30.167025,30.169919,30.169288,30.167953,30.161125,30.152665,30.136633,30.100568,30.105762,30.111348,30.113792,30.116410,30.121298,30.19676,30.133603,30.144772,30.151141","31.700428,31.714418,31.730812,31.737506,31.739051,31.743429,31.752698,31.759822,31.773298,31.783383,31.791279,31.800206,31.803639,31.805012,31.800877,31.738572,31.706789,31.706789,31.702249,31.700433,31.700735,31.699121,31.689536,31.688426",139,1.8181818180000002,29,3.0,0,0.0,0,0.0,1,2,0
Heliopolis,9.38,14753.0,138355,"30.085159,30.089912,30.095704,30.106545,30.093179,30.090877,30.080628,30.081965,30.082708,30.086941,30.086867,30.085381,30.085010,30.085827,30.082633,30.079960,30.078771,30.074445,30.076292,30.079152,30.080118,30.081399,30.082531,30.084202","31.294791,31.302773,31.309811,31.323115,31.345602,31.347061,31.358219,31.345345,31.343113,31.334101,31.332899,31.330067,31.324831,31.322857,31.317364,31.313845,31.312214,31.301121,31.300209,31.299307,31.299629,31.299372,31.298106,31.295638",4006,2.718992248,1790,2.814814815,256,3.25,19,0.8,1,2,4
Misr al qadima,11.4,22650.0,258214,"30.034218,30.034627,30.035704,30.037376,30.035890,30.034032,30.032695,30.030911,30.028979,30.027902,30.024892,30.023852,30.023480,30.024707,30.023285,30.023267,30.022449,30.022003,30.021093,30.021093,30.021335,30.021000,30.020591,30.018529,30.018715,30.018065,30.015389,30.014980,30.014925,30.014089,30.012881,30.011450,30.009313,30.008886,30.006823,30.006303,30.007511,30.007883,30.007697,30.005825,30.003878,30.002424,29.998740,29.996919,29.996231,29.996027,29.995637,29.995562,29.995223,29.994777,29.994749,29.995232,29.994034,29.991980,29.991116,29.990596,29.990308,29.989072,29.988867,29.988551,29.985410,29.989248,29.988528,29.987952,29.987190,29.986818,29.986409,29.984439,29.982767,29.981670,29.981303,29.980276,29.986447,29.988324,29.999102,30.014423,30.030401,30.032546","31.222456,31.224087,31.225632,31.227177,31.228292,31.229065,31.229709,31.230481,31.230696,31.230910,31.230267,31.230395,31.230867,31.232112,31.231929,31.232466,31.232273,31.233861,31.236264,31.237144,31.238174,31.241585,31.244332,31.250362,31.251306,31.250512,31.249117,31.248538,31.247315,31.247400,31.247679,31.247293,31.247958,31.248237,31.247915,31.247873,31.252937,31.253516,31.253752,31.254304,31.255072,31.255613,31.256402,31.256831,31.254020,31.251896,31.249664,31.248677,31.247588,31.245893,31.244809,31.241966,31.240883,31.238361,31.237718,31.238512,31.238254,31.239166,31.239070,31.239338,31.238962,31.236173,31.234569,31.234891,31.233002,31.232423,31.231200,31.231329,31.231522,31.231329,31.231559,31.229805,31.226629,31.226222,31.226243,31.220267,31.220954,31.221866",544,2.0681818180000002,972,3.4444444439999997,3527,4.318181818,12,2.25,1,1,2
rud el farag,2.88,52078.0,150244,"30.085805,30.85731,30.084858,30.083075,30.082797,30.81915,30.081831,30.079933,30.076164,30.074715,30.065235,30.063452,30.063369,30.068791,30.070778,30.072375,30.074232,30.074994,30.07812,30.084760","31.229607,31.231420,31.233973,31.233051,31.232943,31.236151,31.236151,31.244450,31.244407,31.244235,31.244257,31.243785,31.242637,31.232659,31.1231650,31.230556,31.227616,31.225342,31.227112,31.229118",1456,1.651515152,4071,3.833333333,0,0.0,9,1.0,4,2,4
shobra,1.41,55996.0,79123,"30.079964,30.079036,30.080112,30.079333,30.076139,30.074542,30.072787,30.067216,30.0677012,30.063428,30.065160,30.075029,30.076153,30.078270","31.244548,31.249483,31.250599,31.254804,31.253903,31.253560,31.253313,31.250931,31.251167,31.243915,31.244349,31.244296,31.244403,31.244446",9,0.735294118,0,0.0,0,0.0,38,4.166666667,3,2,0
qasr el nile,1.89,5768.0,10901,"30.049478,30.049524,30.049877,30.050991,30.052514,30.054014,30.053216,30.052807,30.048122,30.047769,30.047602,30.044825,30.031158,30.031121,30.034223,30.035235,30.035839,30.036870,30.037460,30.041677,30.047435","31.229405,31.232098,31.233128,31.234029,31.234029,31.235402,31.237017,31.239474,31.241083,31.237934,31.237934,31.237591,31.235649,31.231835,31.230440,31.229110,31.228831,31.228402,31.227855,31.227205,31.229115,31.229716",7280,4.007575758,10200,3.2833333330000003,259,2.166666667,25,0.0,2,2,0
turrah,45.3,5236.0,237390,"29.946223,29.948826,29.953883,29.958940,29.960130,29.958494,29.957453,29.955668,29.956858,29.958122,29.959795,29.961134,29.933616,29.933170,29.917846,29.916991,29.915615,29.918814,29.918442,29.920004,29.919334,29.907877,29.904157,29.906092,29.917177,29.927071,29.938823","31.264868,31.265983,31.274652,31.281261,31.295852,31.297655,31.3089985,31.314821,31.316881,31.318340,31.320357,31.372371,31.373057,31.336837,31.336665,31.301260,31.293149,31.288857,31.285682,31.285167,31.279845,31.281905,31.280532,31.278558,31.278815,31.278043,31.273579",2,1.125,0,0.0,0,0.0,0,0.0,1,1,2
manshya nasr,5.71,46694.0,266527,"30.056167,30.056297,30.056316,30.056130,30.056056,30.056669,30.056780,30.052750,30.050744,30.049815,30.049555,30.045813,30.044215,30.042841,30.042172,30.041039,30.040017,30.038123,30.035095,30.032903,30.033627,30.033794,30.034630,30.035188,30.036469,30.037166,30.037138,30.037417,30.037268,30.037287,30.037751,30.037324,30.038234,30.037612,30.037667,30.037249,30.036924,30.036767,30.036200,30.036237,30.035828,30.035392,30.035290,30.034184,30.033989,30.033395,30.034212,30.033971,30.034992,30.035234,30.032169,30.034064,30.035067,30.035401,30.033971,30.034565,30.033729,30.036181,30.035550,30.037017,30.037203,30.037723,30.038968,30.039414,30.038410,30.037054,30.037370,30.037054,30.038410,30.035531,30.034268,30.033785,30.032856,30.031918,30.031361,30.031249,30.030320,30.029280,30.028648,30.029280,30.030413,30.036469,30.038401,30.041652,30.047577,30.054598","31.278517,31.278770,31.279328,31.279639,31.279730,31.286612,31.286956,31.287814,31.287138,31.286312,31.285894,31.289622,31.293259,31.296263,31.298130,31.301091,31.302915,31.304374,31.305104,31.305661,31.304846,31.303988,31.303666,31.303945,31.303017,31.302105,31.301751,31.301021,31.300710,31.299868,31.298409,31.297679,31.296901,31.296408,31.295496,31.295399,31.294198,31.294058,31.294477,31.292631,31.291827,31.292277,31.291698,31.291494,31.291022,31.289901,31.289450,31.288141,31.288184,31.286596,31.285030,31.286017,31.285287,31.284729,31.284215,31.283431,31.282627,31.283249,31.282069,31.283099,31.283571,31.282627,31.282498,31.281082,31.282519,31.282133,31.281618,31.280803,31.280610,31.279322,31.278292,31.275717,31.275503,31.275315,31.274349,31.272456,31.271340,31.272069,31.271619,31.268819,31.266254,31.265589,31.264087,31.267048,31.271898,31.277627",1,0.272727273,0,0.0,203,2.666666667,0,0.0,4,1,2
al sahl,6.46,50545.0,326417,"30.090966,30.090817,30.093249,30.097148,30.100527,30.102754,30.104193,30.104676,30.105140,30.105474,30.106801,30.107878,30.101251,30.089443,30.083353,30.079491,30.080104,30.079139,30.079881,30.080773,30.081367,30.081854,30.081947,30.082360,30.082806,30.083423,30.084249,30.084844,30.085503,30.085763,30.085837,30.085860,30.087253,30.089281","31.232,31.234060,31.235755,31.237730,31.239446,31.240862,31.241560,31.243169,31.244628,31.246044,31.250990,31.254509,31.255561,31.255303,31.255303,31.255132,31.250604,31.249445,31.245240,31.241334,31.238287,31.236190,31.236222,31.234650,31.232977,31.233240,31.233679,31.234001,31.232413,31.231662,31.230632,31.229629,31.230359,31.231265",85,0.908045977,7,3.5,0,0.0,3,4.5,4,1,2
sayda zeinab,3.73,37642.0,140593,"30.040419,30.039407,30.039527,30.039286,30.038705,30.038752,30.038742,30.038640,30.038975,30.039671,30.039198,30.040289,30.039871,30.038905,30.037647,30.037029,30.036750,30.036732,30.035645,30.034763,30.034507,30.034266,30.033597,30.032408,30.031832,30.030829,30.030402,30.028470,30.028372,30.026821,30.026440,30.026375,30.025911,30.025873,30.025771,30.025780,30.025047,30.025028,30.023379,30.023003,30.022539,30.020179,30.019975,30.019389,30.020648,30.021057,30.021447,30.021150,30.021405,30.022028,30.022455,30.023282,30.023328,30.024777,30.023560,30.023570,30.023755,30.023909,30.024726,30.024800,30.027067,30.028423,30.031043,30.031131,30.034312,30.037749","31.234559,31.239162,31.239559,31.239816,31.242643,31.243738,31.244854,31.244982,31.245583,31.246098,31.248780,31.249295,31.249413,31.250304,31.251307,31.24510,31.249478,31.249950,31.251087,31.250776,31.251039,31.250846,31.251704,31.250588,31.250610,31.250567,31.249301,31.250459,31.249864,31.249907,31.250121,31.250325,31.250229,31.250819,31.250819,31.250089,31.250175,31.250926,31.250695,31.250293,31.250186,31.248158,31.248394,31.247922,31.244526,31.241565,31.238196,31.236651,31.235487,31.233942,31.232344,31.232548,31.231958,31.232151,31.230960,31.230852,31.230938,31.230439,31.230590,31.230311,31.230804,31.230890,31.230439,31.231850,31.232789,31.233798",118,1.894230769,3,2.0,388,2.125,0,0.0,4,2,4
al-marj,17.5,46997.0,823856,"30.172551,30.169658,30.169591,30.165867,30.165628,30.165278,30.164691,30.164199,30.164183,30.164167,30.164056,30.163828,30.163816,30.164092,30.164105,30.166265,30.158316,30.155014,30.154750,30.154606,30.154590,30.154647,30.154729,30.156884,30.156954,30.157746,30.162128,30.175942,30.176093,30.178613,30.179118,30.179131,30.179315,30.178694,30.176058,30.176058,30.176435,30.176599,30.178234,30.178379,30.178393,30.178126,30.178502,30.177588,30.178147,30.175110,30.163647,30.163751,30.159017,30.158843,30.156570,30.156524,30.154623,30.154345,30.150836,30.146608,30.145258,30.143726,30.143175,30.142483,30.142990,30.143322,30.144290,30.143600,30.142975,30.142832,30.142677,30.141869,30.141666,30.141574,30.141445,30.142021,30.137839,30.136292,30.132141,30.132724,30.132747,30.133330,30.133885,30.134087,30.139789,30.141896,30.141910,30.142037,30.142264,30.151721,30.151694,30.155717,30.156004,30.156862,30.156961,30.156754,30.156475,30.157427,30.157995,30.158038,30.159970,30.162079,30.166664,30.167150,30.168977,30.169999,30.171032,30.1711871","31.320216,31.336187,31.336204,31.335688,31.336096,31.336712,31.337155,31.338288,31.337619,31.337614,31.337626,31.337806,31.337999,31.338056,31.340377,31.341811,31.357953,31.362096,31.363791,31.364155,31.364592,31.364714,31.365181,31.365424,31.369802,31.369848,31.369789,31.375262,31.375388,31.375464,31.375506,31.375696,31.375634,31.375679,31.377767,31.382967,31.383235,31.383282,31.383348,31.383588,31.383767,31.384705,31.384701,31.387479,31.387715,31.399468,31.392228,31.391893,31.388991,31.388621,31.379761,31.379706,31.379931,31.379813,31.377100,31.368012,31.365660,31.363837,31.362695,31.361843,31.361150,31.360368,31.359067,31.357957,31.356431,31.355491,31.354085,31.351933,31.350185,31.349929,31.347598,31.326755,31.322055,31.320998,31.318783,31.316244,31.315832,31.313459,31.313598,31.313837,31.314840,31.314862,31.314951,31.315003,31.320826,31.322406,31.325241,31.325663,31.325901,31.325982,31.326211,31.327670,31.328392,31.327966,31.327936,31.326833,31.327035,31.326815,31.328256,31.327811,31.319549,31.319633,31.319480,31.319871",96,0.8590909090000001,269,2.1875,0,0.0,0,0.0,1,0,3
al-ma3sara,14.1,19701.0,278569,"29.92038,29.920214,29.920085,29.91820,29.919246,29.919579,29.917783,29.918545,29.916083,29.14790,29.915547,29.912183,29.908942,29.904786,29.899918,29.895293,29.888353,29.886707,29.883633,29.880079,29.877594,29.874922,29.869516,29.878764,29.880871,29.874988,29.874595,29.874523,29.874234,29.874378,29.880127,29.886739,29.895871,29.900678,29.905702,29.916295","31.279828,31.279914,31.279919,31.280054,31.280275,31.285061,31.285558,31.288669,31.292389,31.293045,31.296150,31.297994,31.303271,31.306467,31.309869,31.315974,31.324885,31.325135,31.325534,31.324568,31.321415,31.316399,31.305938,31.302485,31.302805,31.292832,31.291928,31.289343,31.288342,31.285382,31.283680,31.281951,31.282363,31.281194,31.278583,31.278875",1,1.0,0,0.0,0,0.0,0,0.0,1,1,2
al-matariyah,7.19,86415.0,621495,"30.113786,30.114255,30.115528,30.115642,30.115539,30.115151,30.115407,30.114981,30.113866,30.113428,30.114813,30.116689,30.118349,30.119882,30.123246,30.132119,30.132719,30.132719,30.132743,30.133323,30.133873,30.134077,30.138127,30.141213,30.141909,30.141901,30.142074,30.142096,30.142104,30.142139,30.142111,30.142093,30.142041,30.141754,30.141380,30.140847,30.140062,30.139716,30.139236,30.138091,30.137572,30.137359,30.137253,30.136640,30.136148,30.131503,30.129985,30.129523,30.129322,30.129275,30.130657,30.130524,30.130484,30.130173,30.129895,30.123781,30.115891,30.113881","31.284495,31.301726,31.304387,31.304645,31.304901,31.305431,31.306132,31.305948,31.311199,31.313192,31.313092,31.312854,31.312709,31.312801,30.121082,31.313157,31.314171,31.318822,31.316261,31.316123,31.315800,31.313422,31.313589,31.313851,31.314663,31.314822,31.314850,31.314962,31.314960,31.314694,31.314156,31.312141,31.311272,31.310339,31.310044,31.309293,31.308792,31.308176,31.307222,31.306837,31.306437,31.306021,31.305944,31.305898,31.305836,31.305313,31.304528,31.299125,31.297157,31.296401,31.295934,31.295387,31.290203,31.290064,31.290030,31.289915,31.289850,31.287908,31.285227,31.284600",86,1.010204082,7,2.5,0,0.0,0,0.0,1,0,5
al-muqattam,28.6,8082.0,231213,"30.017037,30.015661,30.013315,30.012526,30.009003,30.007401,30.005442,30.005175,30.004641,30.002593,30.000731,29.998683,29.997318,29.993657,29.993160,29.988195,29.985713,29.984038,29.980893,29.980396,29.983559,29.984009,29.983752,29.984781,29.986647,29.988256,29.989736,29.991859,29.991805,29.991053,29.994921,29.995297,29.996210,29.997284,29.998144,29.998520,29.998144,29.998788,30.000453,30.000561,30.001259,30.001644,30.003255,30.004369,30.005849,30.006621,30.007328,30.008615,30.010030,30.011767,30.012218,30.013761,30.013826,30.014791,30.016270,30.029135,30.028749,30.028363,30.029199,30.03228,30.031000,30.031257,30.031193,30.032672,30.033058,30.033701,30.034087,30.037372,30.036897,30.037216,30.036961,30.037855,30.039323,30.038621,30.037809,30.037604,30.037071,30.036911,30.035525,30.036112,30.035046,30.033553,30.034406,30.033713,30.033980,30.035152,30.034513,30.034832,30.033820,30.032220,30.032114,30.033393,30.034992,30.034779,30.033766,30.034193,30.033713,30.033233,30.034007,30.035188,30.036148,30.036201,30.036841,30.037214,30.037587,30.037587,30.037960,30.037161,30.037534,30.037001,30.036894,30.035775,30.034975,30.034496,30.033643,30.033483,30.032576,30.030391,30.028952,30.027565,30.026979,30.026179,30.027139,30.026606,30.025806,30.024687,30.023087,30.022074,30.021558,30.020979,30.020000,30.019421,30.017552","31.33782,31.338052,31.339633,31.340131,31.340986,31.341089,31.339546,31.339444,31.339752,31.336599,31.335524,31.336098,31.337602,31.340325,31.341400,31.343191,31.343335,31.344337,31.347856,31.347928,31.324670,31.321104,31.317464,31.312635,31.307658,31.299411,31.296737,31.289419,31.286752,31.283341,31.280178,31.280736,31.281108,31.282473,31.282969,31.281853,31.280736,31.280736,31.279310,31.277697,31.277077,31.276642,31.276270,31.276950,31.276208,31.276728,31.275168,31.275019,31.275093,31.274127,31.273682,31.273385,31.272345,31.272419,31.274796,31.268630,31.270562,31.271676,31.272122,31.271602,31.273310,31.274499,31.275168,31.275688,31.275465,31.275985,31.278585,31.280385,31.280807,31.281618,31.282282,31.282503,31.281176,31.282725,31.282918,31.282690,31.283491,31.283059,31.282074,31.283244,31.282813,31.282752,31.283675,31.283737,31.284353,31.284968,31.284968,31.285522,31.286077,31.285030,31.285522,31.286631,31.286816,31.288232,31.288047,31.288724,31.290079,31.290264,31.291495,31.291834,31.293127,31.294604,31.294112,31.295405,31.295651,31.296390,31.297129,31.297622,31.298607,31.299900,31.301932,31.303594,31.303964,31.303656,31.304025,31.305010,31.305688,31.307904,31.311106,31.313816,31.317079,31.319296,31.319542,31.321512,31.321266,31.324468,31.324037,31.326315,31.326194,31.330101,31.331077,31.332311,31.334933",260,1.773809524,8,2.0,1543,4.5,0,0.0,1,1,2
al-muski,0.816,21058.0,17192,"30.055581,30.055105,30.054767,30.054426,30.053703,30.052665,30.052612,30.051094,30.050264,30.049628,30.049406,30.048961,30.048724,30.048048,30.048223,30.048057,30.047780,30.044340,30.044227,30.046120,30.046447,30.047142,30.047549,30.047767,30.047820,30.047810,30.048102,30.048339,30.048339,30.048221,30.048188,30.048048,30.048037,30.050155,30.050501,30.051592,30.051744,30.052068,30.052576,30.052587,30.052604,30.052753,30.052781,30.053301,30.053886,30.053812,30.053367,30.053334,30.053632,30.053768,30.054040,30.054254,30.055432","31.256464,31.256176,31.255760,31.256742,31.256375,31.256134,31.256307,31.255619,31.255129,31.254721,31.254581,31.254381,31.254378,31.254379,31.253377,31.253280,31.253273,31.251762,31.251260,31.250534,31.250418,31.248866,31.247979,31.248075,31.248014,31.247835,31.247572,31.246898,31.246311,31.246286,31.246561,31.246574,31.245974,31.246212,31.246736,31.246711,31.246324,31.246187,31.246187,31.246012,31.246001,31.246022,31.246183,31.246140,31.246923,31.249530,31.249616,31.250378,31.250396,31.250321,31.249939,31.249782,31.249618",43,1.47826087,220,1.4444444440000002,0,0.0,0,0.0,0,2,0
al-qahirah al jadidah,91.4,1534.0,140117,"30.037867,29.965411,29.978979,29.993158,30.002497,30.013197,30.004410,30.003933,30.000775,30.001124,29.994399,29.992535,29.991724,29.997642,30.000074,29.999830,30.001614,30.006882,30.022119,30.038731,30.038893,30.048535,30.055178,30.062145,30.065548,30.069193,30.076078,30.072028,30.071137,30.070975,30.072271,30.056556,30.056961,30.055097","31.6014,31.548927,31.541607,31.537593,31.531218,31.521930,31.507202,31.487840,31.480250,31.445065,31.445012,31.444357,31.420583,31.407104,31.405326,31.398212,31.396528,31.398868,31.401114,31.403548,31.437430,31.440987,31.440426,31.441549,31.445761,31.446603,31.449598,31.458677,31.463264,31.465791,31.472624,31.473279,31.478895,31.485260",2169,3.6538461539999996,3173,4.1111111110000005,0,0.0,428,4.625,1,2,4
al-qahirah al jadidah 2,186.0,502.9,93534,"30.104227,30.102077,30.087324,30.044419,30.044498,30.037266,30.036302,30.031239,30.031962,30.043775,30.037266,30.030275,30.030998,30.046667,30.054862,30.055663,30.055663,30.056063,30.069247,30.070845,30.075239,30.068847,30.066450,30.062455,30.048072,30.038482,30.038405,30.044872,30.057865,30.064886,30.074556,30.079373,30.086300,30.084461,30.086408,30.084875,30.093429,30.099242,30.105602,30.114046,30.117445,30.113168,30.109769,30.109879","31.746813,31.746023,31.735069,31.719936,31.606877,31.601308,31.582094,31.534199,31.527794,31.520832,31.512757,31.497442,31.493822,31.494100,31.496606,31.483370,31.477370,31.472292,31.472292,31.459367,31.449674,31.446904,31.1445981,31.441826,31.441365,31.437210,31.403697,31.404638,31.414627,31.420838,31.432485,31.435312,31.490445,31.505477,31.520682,31.534886,31.562645,31.571645,31.605236,31.626151,31.645544,31.662150,31.669121,31.708162",2059,3.236842105,5492,3.1875,0,0.0,18,5.0,1,2,0
al-qahirah al jadidah 3,65.2,1121.0,73116,"29.965537,29.928073,29.948372,29.964514,29.967709,29.966952,29.967877,29.968886,29.967372,29.972248,29.974434,29.977796,29.978794,29.987260,29.995149,30.000927,29.999740,30.000302,29.997773,29.992033,29.992502,29.993966,30.000995,30.000707,30.003721,30.004234,30.012972,30.002416,29.993416,29.978573","31.54879,31.521804,31.489560,31.468503,31.457149,31.421826,31.407270,31.392909,31.375150,31.362826,31.362147,31.358071,31.361915,31.368588,31.389653,31.396324,31.398155,31.404717,31.406388,31.420253,31.444060,31.445007,31.444872,31.480125,31.487783,31.507921,31.521786,31.531241,31.537336,31.541702",319,3.222222222,286,2.833333333,15,4.0,0,0.0,1,2,0
al-wayli,5.05,16192.0,81804,"30.086644,30.081658,30.081147,30.080228,30.078815,30.076611,30.076000,30.075291,30.074363,30.072326,30.072149,30.072433,30.072355,30.071666,30.071495,30.070599,30.069782,30.069149,30.068545,30.067258,30.065361,30.064948,30.063711,30.062482,30.062204,30.061728,30.056133,30.056283,30.056270,30.062726,30.064460,30.067489,30.067622,30.067714,30.069101,30.069560,30.070110,30.071273,30.071579,30.074312,30.076496,30.078991,30.079221,30.079604,30.080123,30.080932,30.081307,30.082311,30.083460,30.084090,30.084976,30.084961,30.086554","31.292323,31.286032,31.285284,31.283258,31.280041,31.274932,31.273648,31.272363,31.271065,31.268892,31.269176,31.269381,31.269940,31.270055,31.270268,31.269923,31.269693,31.269595,31.269586,31.269981,31.271270,31.271582,31.272165,31.272732,31.272905,31.273291,31.278482,31.278818,31.279258,31.284255,31.285646,31.288745,31.288945,31.289216,31.290737,31.290949,31.291338,31.292952,31.293624,31.301060,31.300011,31.299293,31.299283,31.299460,31.299637,31.299588,31.299342,31.298250,31.296548,31.295564,31.294516,31.294459,31.292476",60,2.041666667,32,2.333333333,0,0.0,0,0.0,4,2,0
an-nuzhah,67.6,3527.0,238550,"30.15066,30.139713,30.139112,30.135889,30.128977,30.128473,30.126123,30.122094,30.106397,30.092796,30.090529,30.080276,30.079646,30.078682,30.080128,30.081092,30.079714,30.078623,30.079966,30.086684,30.093317,30.098103,30.119761,30.124041,30.127263,30.129716,30.136792,30.141416,30.146888,30.148436,30.149492","31.430324,31.391412,31.389797,31.385584,31.366318,31.361952,31.349822,31.342447,31.323621,31.345649,31.347202,31.357895,31.362309,31.375814,31.385560,31.407976,31.420946,31.434629,31.435793,31.435793,31.433852,31.433755,31.450058,31.450058,31.449039,31.447094,31.437535,31.435996,31.434142,31.431944,31.431700",1969,2.23125,8990,2.21875,19,4.166666667,2,1.0,1,1,2
az-zawiyah al-hamra,4.92,66699.0,328226,"30.110572,30.105617,30.104929,30.104990,30.105072,30.104881,30.101239,30.101222,30.082713,30.082416,30.081014,30.081748,30.082365,30.083388,30.084044,30.084322,30.084467,30.084489,30.084422,30.082743,30.082654,30.082465,30.082632,30.082743,30.082999,30.083610,30.085123,30.088514,30.089048,30.089793,30.093418,30.093796,30.094196,30.097234,30.097323,30.097456,30.097523,30.103476,30.104834,30.105181,30.105313,30.105654,30.106235,30.107149,30.107947,30.108180,30.108304,30.108505,30.108794,30.110520","31.275763,31.274552,31.279835,31.280087,31.280254,31.281089,31.279398,31.279551,31.271723,31.272581,31.271948,31.270050,31.270002,31.269668,31.269089,31.268652,31.268087,31.267676,31.267303,31.263563,31.263409,31.263165,31.262728,31.262689,31.262304,31.262124,31.262060,31.261905,31.261751,31.261237,31.258783,31.258590,31.258513,31.258815,31.257653,31.256806,31.256129,31.256052,31.255590,31.256266,31.256552,31.256982,31.257305,31.257520,31.257860,31.258111,31.258370,31.260171,31.262608,31.274558",61,1.1276595740000002,63,1.642857143,43,4.5,0,0.0,4,1,2
az-zaytun,4.45,40407.0,179691,"30.106513,30.110302,30.112233,30.112877,30.113217,30.113407,30.113841,30.115452,30.115370,30.115125,30.115089,30.113727,30.112664,30.110604,30.108604,30.107523,30.097275,30.093787,30.092418,30.090055,30.089488,30.089287,30.088829,30.086930,30.086623,30.084916,30.085008,30.085191,30.088696,30.089904,30.095768,30.095989,30.096108","31.323133,31.319610,31.315631,31.314368,31.313120,31.313190,31.311227,31.306172,31.306145,31.305720,31.305497,31.304917,31.304141,31.303254,31.302712,31.302319,31.297547,31.293972,31.292758,31.290346,31.290047,31.290101,31.290315,31.292640,31.292353,31.294443,31.294561,31.294620,31.301062,31.302880,31.309777,31.310200,31.310417",66,0.9457831329999999,3,1.0,8,3.5,0,0.0,4,1,4
bab ash shariyah,1.03,46563.0,48146,"30.062109,30.062026,30.057467,30.056463,30.055753,30.054443,30.055784,30.055257,30.055348,30.054380,30.054749,30.055088,30.055593,30.055966,30.056200,30.056110,30.056253,30.056042,30.055742,30.055755,30.055725,30.055831,30.055831,30.055733,30.055770,30.056156,30.056219,30.056038,30.056245,30.056566,30.058266,30.058947,30.059044,30.059314,30.059239,30.059498,30.059574,30.059357,30.059411,30.059703,30.059692,30.059563,30.059357,30.059985,30.058851,30.062869,30.062869,30.062783,30.062783,30.062837,30.062772,30.062535,30.062491,30.061489,30.062571,30.062415","31.266842,31.266691,31.263605,31.263115,31.262466,31.261735,31.258063,31.257773,31.257534,31.256797,31.255775,31.256149,31.256506,31.254199,31.253407,31.252929,31.252859,31.252163,31.251483,31.250538,31.250200,31.250182,31.250060,31.250043,31.249799,31.249851,31.249614,31.249509,31.249360,31.249312,31.248150,31.248450,31.248287,31.248362,31.248599,31.248712,31.248612,31.248500,31.248375,31.248475,31.248724,31.248974,31.250285,31.250463,31.254627,31.255678,31.256415,31.256615,31.256877,31.257014,31.258875,31.260578,31.260852,31.262809,31.263889,31.266406",14,0.939393939,33,1.5,0,0.0,0,0.0,0,2,0
bulaq,3.1,16013.0,49673,"30.074914,30.074096,30.072983,30.072374,30.071429,30.070589,30.069477,30.068889,30.068091,30.067734,30.066768,30.064396,30.063367,30.063472,30.063619,30.063358,30.062814,30.062201,30.061824,30.061315,30.060904,30.060316,30.060106,30.059624,30.058336,30.056406,30.056066,30.055387,30.055211,30.053954,30.052621,30.052080,30.051137,30.050281,30.049979,30.049690,30.049464,30.049439,30.049263,30.054486,30.062650,30.073313","31.225328,31.227560,31.229671,31.230495,31.231199,31.231660,31.232097,31.232533,31.233213,31.233722,31.235469,31.239739,31.242456,31.241291,31.240369,31.239293,31.238341,31.237814,31.237612,31.237511,31.237561,31.237733,31.237622,31.238250,31.239890,31.238983,31.238780,31.238112,31.238286,31.236935,31.235496,31.235031,31.234116,31.233651,31.233331,31.232968,31.232256,31.230861,31.229454,31.227853,31.225444,31.225018",1281,2.8387096769999998,4297,2.75,0,0.0,0,0.0,4,2,0
dar as-salam,5.63,96309.0,542218,"29.995585,29.995434,29.995337,29.995294,29.995186,29.995155,29.994935,29.994784,29.994708,29.994708,29.994858,29.995183,29.994777,29.994104,29.993521,29.992044,29.991876,29.991099,29.990580,29.990270,29.989596,29.989104,29.988832,29.988521,29.985365,29.989211,29.988471,29.987882,29.987497,29.987461,29.987109,29.987045,29.987136,29.987082,29.987027,29.986991,29.986729,29.986892,29.986594,29.986329,29.985335,29.982974,29.981590,29.981296,29.980144,29.973735,29.965876,29.964893,29.959321,29.960157,29.961440,29.963076,29.964015,29.965818,29.966798,29.967510,29.968089,29.969403,29.972208,29.974033,29.974494,29.969582,29.969640,29.970269,29.970621,29.970629,29.971111,29.972604,29.978956,29.981783,29.984423,29.987768,29.988264,29.990141,29.990540,29.991823,29.992345,29.993321,29.994693,29.995509","31.249846,31.248710,31.248460,31.248148,31.247924,31.247604,31.247198,31.246355,31.246028,31.244946,31.244151,31.241978,31.241552,31.240999,31.240475,31.238755,31.238412,31.237753,31.238561,31.238292,31.238905,31.239174,31.239085,31.239339,31.238977,31.236182,31.234664,31.234982,31.234118,31.233972,31.233232,31.232992,31.232888,31.232773,31.232825,31.232492,31.232502,31.231908,31.231783,31.231794,31.231247,31.231337,31.231608,31.231421,31.231618,31.229823,31.232600,31.234384,31.234904,31.243145,31.243832,31.243982,31.243446,31.242659,31.240526,31.238932,31.238547,31.238572,31.240526,31.246180,31.245823,31.246906,31.250381,31.251359,31.255813,31.257978,31.258535,31.258544,31.258683,31.256422,31.255221,31.254005,31.251730,31.251409,31.251752,31.249993,31.250327,31.250722,31.251066,31.251073",318,1.253521127,28,1.8333333330000001,0,0.0,28,4.75,4,0,1
hadaiq al qubbah,4.01,81271.0,326061,"30.101335,30.101127,30.100972,30.100669,30.100530,30.100442,30.100178,30.099017,30.098040,30.097482,30.097363,30.097192,30.095910,30.094773,30.094678,30.094554,30.094605,30.093186,30.093171,30.092257,30.090106,30.089506,30.089148,30.086917,30.081628,30.081123,30.080421,30.077848,30.076335,30.075223,30.073281,30.071780,30.070797,30.069318","31.278567,31.279594,31.280791,31.281905,31.282545,31.283024,31.283867,31.288553,31.287853,31.287801,31.287776,31.287663,31.285828,31.287992,31.287958,31.288195,31.288262,31.290799,31.291052,31.292532,31.290300,31.290055,31.290156,31.292642,31.286031,31.285202,31.283731,31.278084,31.274794,31.272378,31.269953,31.268338,31.267082,31.264450",35,1.464788732,0,0.0,0,0.0,0,0.0,4,1,2
helwan,55.7,9654.0,537719,"29.791387,29.795672,29.8815802,29.840914,29.849420,29.851004,29.853820,29.855697,29.860583,28.863363,29.865585,29.868851,29.873374,29.874546,29.879422,29.880852,29.882938,29.884217,29.885902,29.884076,29.881688,29.879159,29.875155,29.869605,29.877895,29.874312,29.874308,29.864192,29.859555,29.857692,29.845570,29.837573,29.832523,29.807602,29.803461,29.803050,29.802627,29.801180,29.800085,29.803453,29.803369,29.797812,29.793938,29.791748,29.788581,29.788440,29.787667,29.787175,29.789731,29.790564,29.791887","31.346554,31.348786,31.350342,31.356834,31.357984,31.358863,31.360892,31.361704,31.361486,31.359931,31.357597,31.353103,31.344573,31.341975,31.330804,31.328669,31.327603,31.327262,31.326614,31.325642,31.325480,31.323940,31.316487,31.305631,31.302958,31.292183,31.285378,31.288376,31.290887,31.291606,31.292825,31.291757,31.290204,31.294765,31.295089,31.299214,31.300283,31.303604,31.310106,31.310591,31.314085,31.314376,31.313502,31.323886,31.326673,31.328050,31.329913,31.333478,31.335196,31.337172,31.342649",14,0.8625,1,0.333333333,0,0.0,0,0.0,1,0,1
imbaba,11.0,59381.0,653780,"29.065094,30.071037,30.073636,30.078464,30.082104,30.083663,30.085074,30.086337,30.087451,30.088193,30.090718,30.090923,30.096214,30.092677,30.098247,30.097560,30.091303,30.091285,30.091155,30.090301,30.081142,30.075040,30.074687,30.074009,30.073051,30.071783,30.070177,30.067391,30.066433,30.066816,30.06691,30.071790,30.071039,30.071481,30.068150,30.066706,30.065025,30.064907,30.064775","31.174192,31.173505,31.175136,31.181144,31.189641,31.195649,31.195993,31.202087,31.201657,31.203717,31.202602,31.201336,31.202194,31.212858,31.214639,31.218609,31.222021,31.223759,31.228072,31.231677,31.227462,31.225299,31.223766,31.222182,31.220786,31.219134,31.217686,31.215267,31.214722,31.213479,31.213420,31.200067,31.197632,31.197189,31.191262,31.89866,31.188946,31.180805,31.176394",0,0.0,22,3.0,0,0.0,29,4.5,1,0,5
el dooki,5.46,13427.0,73309,"30.044099,30.052439,30.052996,30.053553,30.055132,30.050972,30.049709,30.048204,30.045297,30.043050,30.040969,30.036158,30.030455,30.027483,30.029842,30.032963,30.039038,30.042177","31.193513,31.201217,31.202118,31.202354,31.203577,31.209639,31.210261,31.210926,31.212074,31.211677,31.211119,31.211645,31.212375,31.201238,31.200272,31.199629,31.196088,31.194093",607,4.375,193,2.416666667,2,3.5,5,4.833333333,4,2,0
al ahram,18.0,37939.0,681383,"29.998389,29.999950,30.000991,30.007086,30.008573,30.010877,30.011100,30.013627,30.012586,30.010133,30.010654,30.007383,30.005971,29.994301,29.987388,29.980102,29.976459,29.974823,29.960398,29.955639,29.953557,29.961216,29.964562,29.967611,29.971552,29.977946,29.980845,29.984637,29.983819,29.986496,29.982109,29.983447,29.986496,29.988800,29.991328,29.992740,29.994227,29.996680","31.115652,31.122004,31.126982,31.134621,31.138655,31.150328,31.154877,31.161915,31.66979,31.171356,31.174961,31.175390,31.177794,31.146380,31.149813,31.158138,31.164919,31.171442,31.161400,31.153504,31.146380,31.140371,31.139513,31.141144,31.140629,31.137539,31.137968,31.131359,31.129900,31.125523,31.119600,31.117369,31.121231,31.119343,31.120545,31.123549,31.122261,31.118485",231,1.173913043,672,3.321428571,3971,4.5,9,2.5,1,0,5
al agouza,7.35,39164.0,287818,"30.064671,30.064968,30.067196,30.071245,30.070836,30.071802,30.066639,30.066342,30.066751,30.047510,30.045764,30.051132,30.055441,30.044371,30.046154,30.046303,30.047900,30.051392,30.052246,30.051057,30.058412,30.062609","31.174226,31.188903,31.190534,31.197100,31.197486,31.199760,31.213365,31.214695,31.213407,31.218686,31.211133,31.209030,31.202593,31.192036,31.188860,31.187744,31.187444,31.184525,31.182237,31.177144,31.175342,31.174569",18,4.5,241,1.8,0,0.0,0,0.0,1,1,2
Bulaq el dakroor,12.9,76856.0,992209,"30.013664,30.014518,30.016599,30.021207,30.024365,30.027338,30.029010,30.031313,30.031796,30.045691,30.050780,30.052155,30.051300,30.047771,30.046137,30.046025,30.044131,30.041865,30.040007,30.036478,30.032540,30.027895,30.024142,30.019906,30.015113,30.015057,30.014091,30.012103,30.011025,30.006120,30.007681,30.011025,30.010579,30.012920","31.162291,31.163535,31.164179,31.164179,31.163278,31.161819,31.161175,31.161390,31.161819,31.175509,31.177225,31.182289,31.184435,31.187225,31.187654,31.189242,31.192031,31.92675,31.193705,31.195421,31.197610,31.199885,31.201086,31.202588,31.204112,31.201086,31.198490,31.193812,31.190615,31.177912,31.175466,31.175208,31.171603,31.16668",0,0.0,203,3.75,0,0.0,0,0.0,1,0,3
sheikh zayed,43.1,2174.0,93742,"30.067452,30.073097,30.072948,30.086763,30.088100,30.083050,30.047691,30.009793,30.009942,30.009050,30.046800","30.932052,30.934284,30.941150,30.964325,30.972049,30.990074,31.051014,30.991790,30.984066,30.981662,30.949562",262,4.321428571,0,0.0,0,0.0,0,0.0,1,2,0
waraq,13.0,57648.0,751724,"30.130783,30.130931,30.130337,30.130634,30.130337,30.129892,30.128853,30.126922,30.124547,30.120835,30.118014,30.109995,30.103907,30.099600,30.099006,30.095144,30.091540,20.092141,30.097548,30.098549,30.093142,30.096146,30.091140,30.088136,30.086533,30.085031,30.084030,30.082427,30.094644,30.106660,30.113468,30.121777,30.125681,30.128484","31.198097,31.202560,31.204791,31.205306,31.212001,31.216808,31.221271,31.226249,31.230712,31.234317,31.236205,31.237235,31.235519,31.232257,31.233116,31.231056,31.227838,31.222052,31.218927,31.214645,31.212793,31.202145,31.201219,31.203303,31.201682,31.195491,31.195143,31.189820,31.198384,31.202898,31.202898,31.200930,31.200814,31.199194",1350,4.166666667,3057,4.25,0,0.0,0,0.0,1,0,5
6th of october,438.0,1641.0,360549,"29.880952,29.891668,29.926189,29.959509,30.032060,30.062967,30.066532,30.089112,30.092676,30.074852,30.009468,30.009468,20.043354,30.020170,30.021953,29.997575,29.959509,29.947610,29.889882,29.894644,29.919643,29.904466,29.894942,29.830035,29.839566,29.794885,29.840161,29.841352,29.830035,29.825270","30.673102,30.769233,30.821418,30.798072,30.906562,30.905188,30.840644,30.839270,30.870856,30.925788,30.980376,30.992736,31.049727,31.067580,30.1079940,31.089553,31.067580,31.093673,31.079253,31.057967,31.018828,30.985011,31.001490,30.897120,30.890941,30.846995,30.845622,30.730265,30.707606,30.678767",30,2.9444444439999997,0,0.0,51,3.5,312,4.5,1,1,2
el giza,13.0,22786.0,295310,"30.027646,30.031733,30.030618,30.015681,29.998883,29.987956,29.97852,29.965502,29.966097,29.963606,29.965205,29.967361,29.969369,29.970429,29.970261,29.970995,29.972278,29.973375,29.973361,29.972115,29.972376,29.973723,29.973649,29.973951,29.981400","31.200198,31.215819,31.221055,31.220025,31.226291,31.226033,31.230067,31.234530,31.228694,31.225754,31.222621,31.220218,31.215111,31.212622,31.207580,31.207526,31.207043,31.207161,31.195955,31.196105,31.193401,31.192489,31.193391,31.193139,31.194152",669,4.227272727,9,1.25,873,3.25,0,0.0,1,1,2
el badrshin,135.0,4169.0,563294,0,0,0,0.0,24,4.0,1198,4.5,0,0.0,1,0,1
